sh	sh	410
py	py	361
txt	txt	301
js	js	187
log	log	179
gz	gz	152
png	png	136
xml	xml	135
c	c	133
conf	conf	115
pem	pem	110
json	json	100
myr	myr	91
out	out	90
tar.gz	tar.gz	90
zip	zip	80
jar	jar	63
stdout	stdout	62
h	h	59
php	php	58
html	html	57
cpp	cpp	56
exe	exe	55
dat	dat	55
o	o	53
sql	sql	51
n	n	48
java	java	48
csv	csv	43
tmpl	tmpl	42
a	a	42
yml	yml	40
p	p	40
so	so	39
db	db	36
err	err	31
vhdl	vhdl	31
tmp	tmp	30
ini	ini	29
go	go	29
svg	svg	28
nii.gz	nii.gz	27
glyphsReporter	glyphsReporter	27
yaml	yaml	25
pdf	pdf	25
cfg	cfg	25
key	key	23
dylib	dylib	23
bin	bin	22
pl	pl	22
tgz	tgz	22
md	md	21
in	in	21
img	img	21
scad	scad	21
root	root	20
R	R	20
service	service	20
bed	bed	19
app	app	19
patch	patch	18
template	template	17
rst	rst	17
dll	dll	17
deb	deb	17
tcl	tcl	16
properties	properties	15
cnf	cnf	15
org	org	15
xsd	xsd	14
fa	fa	14
pkg	pkg	14
data	data	14
pbtxt	pbtxt	13
tex	tex	13
xz	xz	13
tar.xz	tar.xz	13
spec	spec	13
am	am	12
config	config	12
cdl	cdl	12
crt	crt	12
def	def	12
rb	rb	12
air	air	12
metalar	metalar	12
csr	csr	11
x	x	11
nc	nc	11
fq	fq	11
pro	pro	11
css	css	11
pid	pid	10
pot	pot	10
asm	asm	10
ron	ron	10
git	git	9
phar	phar	9
mk	mk	9
info	info	9
tar	tar	9
map	map	9
m	m	9
diff	diff	9
swift	swift	9
use	use	9
lib	lib	9
ko	ko	9
glyphsFilter	glyphsFilter	9
enc	enc	9
example	example	8
desktop	desktop	8
fasta	fasta	8
net	net	8
class	class	8
min.js	min.js	8
utf	utf	8
vcf	vcf	8
bt	bt	8
cs	cs	8
lua	lua	8
elm	elm	8
amazonaws.com	amazonaws.com	8
apk	apk	8
cql	cql	8
dot	dot	8
local.conf	local.conf	7
4.dylib	4.dylib	7
xcworkspace	xcworkspace	7
jpg	jpg	7
bak	bak	7
LibVNCServer	LibVNCServer	7
old	old	7
name	name	7
scm	scm	7
mxml	mxml	7
sys	sys	7
ui	ui	7
dart	dart	6
d	d	6
bmp	bmp	6
test	test	6
51.m	51.m	6
po	po	6
vhd	vhd	6
geojson	geojson	6
io	io	6
y	y	6
lst	lst	6
heat.yml	heat.yml	6
tsv	tsv	6
local	local	6
proto	proto	6
ngc	ngc	6
egg-info	egg-info	6
cc	cc	6
hql	hql	6
native	native	6
fq.gz	fq.gz	6
fsx	fsx	5
cache	cache	5
xcodeproj	xcodeproj	5
new	new	5
2-dev	2-dev	5
l	l	5
asc	asc	5
cxx	cxx	5
results	results	5
_parameter_levels	_parameter_levels	5
_basic_factors	_basic_factors	5
m.old	m.old	5
list	list	5
groups	groups	5
cer	cer	5
hevc	hevc	5
jog-scale	jog-scale	5
noarch	noarch	5
bam	bam	5
ms	ms	4
cmake	cmake	4
metal	metal	4
jks	jks	4
hs	hs	4
am.LibVNCServer	am.LibVNCServer	4
iso	iso	4
0.zip	0.zip	4
dic.utf	dic.utf	4
backup	backup	4
hex	hex	4
ml	ml	4
aff.utf	aff.utf	4
jl	jl	4
lock	lock	4
mfs	mfs	4
enabled	enabled	4
str	str	4
jog-enable	jog-enable	4
swf	swf	4
hello.csv	hello.csv	4
gff	gff	4
glyphsPlugin	glyphsPlugin	4
jog-counts	jog-counts	4
js.bak	js.bak	4
plist	plist	4
X	X	4
nn	nn	4
mli	mli	4
pb.go	pb.go	3
builder	builder	3
do.txt	do.txt	3
file	file	3
Main	Main	3
cvmfscatalog	cvmfscatalog	3
good	good	3
s	s	3
inc	inc	3
makeflow	makeflow	3
mst	mst	3
war	war	3
pyc	pyc	3
tiff	tiff	3
cue	cue	3
pp	pp	3
orig	orig	3
cabal	cabal	3
vmdk	vmdk	3
version	version	3
mat	mat	3
hpp	hpp	3
ru	ru	3
delay	delay	3
rpm	rpm	3
exp	exp	3
prj	prj	3
vnc	vnc	3
prototxt	prototxt	3
rs	rs	3
2.zip	2.zip	3
der	der	3
el	el	3
markdown	markdown	3
latex	latex	3
gfxd	gfxd	3
1.gz	1.gz	3
lzend.dat	lzend.dat	3
launch	launch	3
mf	mf	3
gfxd.bt	gfxd.bt	3
raw	raw	3
sam	sam	3
vim	vim	3
pot-update	pot-update	3
swc	swc	3
gfe.bt	gfe.bt	3
pipeline.sh	pipeline.sh	3
0.jar	0.jar	3
bat	bat	3
comp	comp	3
vds	vds	3
msc	msc	3
pbs	pbs	3
hw	hw	3
dtb	dtb	3
less	less	3
auth	auth	3
dtd	dtd	3
docx	docx	3
7z	7z	3
arj	arj	3
rar	rar	3
pkg	pkg	3
z	z	3
vcd	vcd	3
jsp	jsp	3
rss	rss	3
xhtml	xhtml	3
vb	vb	3
